{"cameraMode":{"drawMode":0,"name":"Shaded","section":"Shading Mode"},"sceneLighting":true,"audioPlay":false,"sceneViewState":{"showFog":true,"showMaterialUpdate":false,"showSkybox":true,"showFlares":true,"showImageEffects":true,"showParticleSystems":true},"in2DMode":false,"pivot":{"x":-1.6603819131851197,"y":-1.7348337173461915,"z":4.606276035308838},"rotation":{"x":0.8108455538749695,"y":-0.0019283725414425135,"z":0.0026779165491461756,"w":0.5852556824684143},"size":35.66825485229492,"orthographic":true}