{"cameraMode":{"drawMode":0,"name":"Shaded","section":"Shading Mode"},"sceneLighting":true,"audioPlay":false,"sceneViewState":{"showFog":true,"showMaterialUpdate":false,"showSkybox":true,"showFlares":true,"showImageEffects":true,"showParticleSystems":true},"in2DMode":false,"pivot":{"x":26.079729080200197,"y":-11.042675971984864,"z":-2.2856972217559816},"rotation":{"x":0.6604883074760437,"y":-0.08475560694932938,"z":0.07542336732149124,"w":0.742218017578125},"size":38.57772445678711,"orthographic":false}