{"cameraMode":{"drawMode":0,"name":"Shaded","section":"Shading Mode"},"sceneLighting":true,"audioPlay":false,"sceneViewState":{"showFog":true,"showMaterialUpdate":false,"showSkybox":true,"showFlares":true,"showImageEffects":true,"showParticleSystems":true},"in2DMode":false,"pivot":{"x":-0.2154710590839386,"y":-0.130096435546875,"z":4.912836074829102},"rotation":{"x":0.7092123031616211,"y":0.004229869227856398,"z":-0.0042553250677883629,"w":0.7049697041511536},"size":7.2142415046691898,"orthographic":false}