{"cameraMode":{"drawMode":0,"name":"Shaded","section":"Shading Mode"},"sceneLighting":true,"audioPlay":false,"sceneViewState":{"showFog":true,"showMaterialUpdate":false,"showSkybox":true,"showFlares":true,"showImageEffects":true,"showParticleSystems":true},"in2DMode":false,"pivot":{"x":-0.29065370559692385,"y":-13.281290054321289,"z":23.410930633544923},"rotation":{"x":0.3600178360939026,"y":-0.043080151081085208,"z":0.016644980758428575,"w":0.931803822517395},"size":14.10908317565918,"orthographic":false}