{"cameraMode":{"drawMode":0,"name":"Shaded","section":"Shading Mode"},"sceneLighting":false,"audioPlay":false,"sceneViewState":{"showFog":true,"showMaterialUpdate":false,"showSkybox":false,"showFlares":true,"showImageEffects":true,"showParticleSystems":true},"in2DMode":false,"pivot":{"x":0.0,"y":0.5743889212608337,"z":5.960464477539063e-8},"rotation":{"x":-0.05603746697306633,"y":0.6620271801948547,"z":-0.04974082484841347,"w":-0.7457330822944641},"size":0.6646255850791931,"orthographic":false}